"","Group.1","Group.2","Group.3","Group.4","Group.5","Group.6","Group.7","x"
"1",3,"Hiline","C",12,"N",1,1,6.5
"2",3,"Hiline","D",12,"N",1,1,6.1
"3",3,"Hiline","F",12,"N",1,1,7
"4",3,"Hiline","H",12,"N",1,1,NA
"5",3,"Hiline","S",12,"N",1,1,NA
"6",3,"MTH","C",14,"N",1,1,8
"7",3,"Vida","C",14,"N",1,1,8
"8",3,"MTH","D",14,"N",1,1,7
"9",3,"Vida","D",14,"N",1,1,7.5
"10",3,"MTH","F",14,"N",1,1,6
"11",3,"Vida","F",14,"N",1,1,7
"12",3,"MTH","H",14,"N",1,1,7.8
"13",3,"Vida","H",14,"N",1,1,6.2
"14",3,"Hiline","S",14,"N",1,1,5.4
"15",3,"MTH","S",14,"N",1,1,9.9
"16",3,"Vida","S",14,"N",1,1,8.5
"17",3,"Hiline","C",12,"Y",1,1,6.5
"18",3,"Hiline","D",12,"Y",1,1,5
"19",3,"Hiline","F",12,"Y",1,1,NA
"20",3,"Hiline","H",12,"Y",1,1,4.7
"21",3,"Hiline","S",12,"Y",1,1,4.7
"22",3,"MTH","C",14,"Y",1,1,7.5
"23",3,"Vida","C",14,"Y",1,1,7.4
"24",3,"MTH","D",14,"Y",1,1,7.8
"25",3,"Vida","F",14,"Y",1,1,7
"26",3,"MTH","H",14,"Y",1,1,9.2
"27",3,"Vida","H",14,"Y",1,1,7.5
"28",3,"MTH","S",14,"Y",1,1,4
"29",3,"Vida","S",14,"Y",1,1,NA
"30",3,"Hiline","C",12,"N",2,1,6
"31",3,"Hiline","D",12,"N",2,1,7.2
"32",3,"Hiline","F",12,"N",2,1,6
"33",3,"Hiline","H",12,"N",2,1,7.5
"34",3,"Hiline","S",12,"N",2,1,7
"35",3,"MTH","C",14,"N",2,1,7
"36",3,"MTH","D",14,"N",2,1,8
"37",3,"Vida","D",14,"N",2,1,5
"38",3,"MTH","F",14,"N",2,1,7.5
"39",3,"Vida","F",14,"N",2,1,7.5
"40",3,"MTH","H",14,"N",2,1,8.5
"41",3,"Vida","H",14,"N",2,1,5.8
"42",3,"MTH","S",14,"N",2,1,7.7
"43",3,"Hiline","D",12,"Y",2,1,6
"44",3,"Hiline","F",12,"Y",2,1,6
"45",3,"Hiline","H",12,"Y",2,1,6.5
"46",3,"Hiline","S",12,"Y",2,1,3.5
"47",3,"MTH","C",14,"Y",2,1,9
"48",3,"Vida","C",14,"Y",2,1,7.5
"49",3,"MTH","D",14,"Y",2,1,4.8
"50",3,"Vida","D",14,"Y",2,1,6.1
"51",3,"MTH","F",14,"Y",2,1,8.2
"52",3,"Vida","H",14,"Y",2,1,6.2
"53",3,"MTH","S",14,"Y",2,1,8.9
"54",3,"Hiline","C",12,"N",3,1,6.3
"55",3,"Hiline","D",12,"N",3,1,6.2
"56",3,"Hiline","H",12,"N",3,1,7.5
"57",3,"Hiline","S",12,"N",3,1,6.2
"58",3,"MTH","C",14,"N",3,1,7.5
"59",3,"Vida","C",14,"N",3,1,8.6
"60",3,"Vida","D",14,"N",3,1,5.3
"61",3,"MTH","H",14,"N",3,1,8.5
"62",3,"Vida","H",14,"N",3,1,8
"63",3,"MTH","S",14,"N",3,1,8.5
"64",3,"Hiline","C",12,"Y",3,1,4
"65",3,"Hiline","D",12,"Y",3,1,4.2
"66",3,"Hiline","F",12,"Y",3,1,NA
"67",3,"Hiline","H",12,"Y",3,1,6.5
"68",3,"Hiline","S",12,"Y",3,1,5.8
"69",3,"MTH","C",14,"Y",3,1,NA
"70",3,"Vida","C",14,"Y",3,1,7.3
"71",3,"MTH","D",14,"Y",3,1,8.5
"72",3,"Vida","D",14,"Y",3,1,NA
"73",3,"MTH","F",14,"Y",3,1,8.5
"74",3,"MTH","H",14,"Y",3,1,9.5
"75",3,"Vida","H",14,"Y",3,1,7.2
"76",3,"MTH","S",14,"Y",3,1,7.8
"77",3,"Vida","S",14,"Y",3,1,NA
"78",3,"Hiline","C",12,"N",4,1,6.3
"79",3,"Hiline","D",12,"N",4,1,5.6
"80",3,"Hiline","F",12,"N",4,1,5.6
"81",3,"Hiline","H",12,"N",4,1,NA
"82",3,"Hiline","S",12,"N",4,1,6.5
"83",3,"MTH","C",14,"N",4,1,9.5
"84",3,"Vida","C",14,"N",4,1,NA
"85",3,"MTH","D",14,"N",4,1,9
"86",3,"Vida","D",14,"N",4,1,6.1
"87",3,"MTH","F",14,"N",4,1,9.5
"88",3,"Vida","F",14,"N",4,1,7.3
"89",3,"MTH","H",14,"N",4,1,8.5
"90",3,"Vida","H",14,"N",4,1,7
"91",3,"MTH","S",14,"N",4,1,7.5
"92",3,"Vida","S",14,"N",4,1,6.8
"93",3,"Hiline","C",12,"Y",4,1,NA
"94",3,"Hiline","D",12,"Y",4,1,7.5
"95",3,"Hiline","F",12,"Y",4,1,8
"96",3,"Hiline","H",12,"Y",4,1,7
"97",3,"MTH","C",14,"Y",4,1,8.2
"98",3,"Vida","C",14,"Y",4,1,3.8
"99",3,"MTH","D",14,"Y",4,1,9
"100",3,"Vida","D",14,"Y",4,1,4.1
"101",3,"MTH","F",14,"Y",4,1,8.2
"102",3,"Vida","F",14,"Y",4,1,8
"103",3,"MTH","H",14,"Y",4,1,5.6
"104",3,"Vida","H",14,"Y",4,1,NA
"105",3,"MTH","S",14,"Y",4,1,9.5
"106",3,"Vida","S",14,"Y",4,1,NA
"107",3,"Hiline","C",12,"N",5,1,6.3
"108",3,"Hiline","D",12,"N",5,1,7.8
"109",3,"Hiline","F",12,"N",5,1,NA
"110",3,"Hiline","H",12,"N",5,1,6
"111",3,"Hiline","S",12,"N",5,1,NA
"112",3,"Vida","C",14,"N",5,1,7.6
"113",3,"MTH","D",14,"N",5,1,7.8
"114",3,"MTH","F",14,"N",5,1,9.4
"115",3,"Vida","F",14,"N",5,1,8
"116",3,"MTH","H",14,"N",5,1,8.9
"117",3,"Vida","H",14,"N",5,1,5.5
"118",3,"MTH","S",14,"N",5,1,7.4
"119",3,"Vida","S",14,"N",5,1,8.9
"120",3,"Hiline","C",12,"Y",5,1,4
"121",3,"Hiline","F",12,"Y",5,1,3.8
"122",3,"Hiline","S",12,"Y",5,1,6.2
"123",3,"MTH","C",14,"Y",5,1,7.8
"124",3,"Vida","C",14,"Y",5,1,4.7
"125",3,"MTH","D",14,"Y",5,1,8.5
"126",3,"Vida","D",14,"Y",5,1,4.7
"127",3,"MTH","F",14,"Y",5,1,7.4
"128",3,"Vida","F",14,"Y",5,1,NA
"129",3,"MTH","H",14,"Y",5,1,7
"130",3,"Vida","H",14,"Y",5,1,7.3
"131",3,"MTH","S",14,"Y",5,1,7.4
"132",3,"Vida","S",14,"Y",5,1,NA
"133",3,"Hiline","C",12,"N",1,2,6
"134",3,"Hiline","D",12,"N",1,2,7
"135",3,"Hiline","F",12,"N",1,2,7.2
"136",3,"Hiline","H",12,"N",1,2,5
"137",3,"Hiline","S",12,"N",1,2,7
"138",3,"MTH","C",14,"N",1,2,8.7
"139",3,"Vida","C",14,"N",1,2,6.4
"140",3,"MTH","D",14,"N",1,2,9
"141",3,"Vida","D",14,"N",1,2,8.5
"142",3,"MTH","F",14,"N",1,2,7.3
"143",3,"MTH","H",14,"N",1,2,9
"144",3,"Vida","H",14,"N",1,2,7.7
"145",3,"MTH","S",14,"N",1,2,8.9
"146",3,"Vida","S",14,"N",1,2,7.7
"147",3,"Hiline","C",12,"Y",1,2,6.7
"148",3,"Hiline","D",12,"Y",1,2,7.8
"149",3,"Hiline","F",12,"Y",1,2,7.4
"150",3,"Hiline","H",12,"Y",1,2,6.5
"151",3,"Hiline","S",12,"Y",1,2,NA
"152",3,"MTH","C",14,"Y",1,2,4.7
"153",3,"Vida","C",14,"Y",1,2,8.1
"154",3,"MTH","D",14,"Y",1,2,9.5
"155",3,"Vida","F",14,"Y",1,2,NA
"156",3,"MTH","H",14,"Y",1,2,9.5
"157",3,"Vida","H",14,"Y",1,2,6.1
"158",3,"MTH","S",14,"Y",1,2,7.5
"159",3,"Vida","S",14,"Y",1,2,NA
"160",3,"Hiline","C",12,"N",2,2,6.5
"161",3,"Hiline","D",12,"N",2,2,5.5
"162",3,"Hiline","F",12,"N",2,2,5.5
"163",3,"Hiline","H",12,"N",2,2,5.4
"164",3,"Hiline","S",12,"N",2,2,NA
"165",3,"MTH","C",14,"N",2,2,6.5
"166",3,"MTH","D",14,"N",2,2,7.5
"167",3,"Vida","D",14,"N",2,2,8.5
"168",3,"MTH","F",14,"N",2,2,9
"169",3,"Vida","F",14,"N",2,2,NA
"170",3,"MTH","H",14,"N",2,2,8.6
"171",3,"Vida","H",14,"N",2,2,6.4
"172",3,"MTH","S",14,"N",2,2,7.8
"173",3,"Hiline","D",12,"Y",2,2,6.2
"174",3,"Hiline","F",12,"Y",2,2,4.8
"175",3,"Hiline","H",12,"Y",2,2,6.5
"176",3,"Hiline","S",12,"Y",2,2,6.7
"177",3,"MTH","C",14,"Y",2,2,8.7
"178",3,"Vida","C",14,"Y",2,2,6.5
"179",3,"MTH","D",14,"Y",2,2,8
"180",3,"Vida","D",14,"Y",2,2,8
"181",3,"MTH","F",14,"Y",2,2,NA
"182",3,"Vida","H",14,"Y",2,2,4.9
"183",3,"MTH","S",14,"Y",2,2,9.5
"184",3,"Hiline","C",12,"N",3,2,5.2
"185",3,"Hiline","D",12,"N",3,2,8
"186",3,"Hiline","H",12,"N",3,2,7.6
"187",3,"Hiline","S",12,"N",3,2,NA
"188",3,"MTH","C",14,"N",3,2,7
"189",3,"Vida","C",14,"N",3,2,6.4
"190",3,"Vida","D",14,"N",3,2,8.2
"191",3,"MTH","H",14,"N",3,2,8
"192",3,"Vida","H",14,"N",3,2,6.2
"193",3,"MTH","S",14,"N",3,2,8
"194",3,"Hiline","C",12,"Y",3,2,6.8
"195",3,"Hiline","D",12,"Y",3,2,6
"196",3,"Hiline","F",12,"Y",3,2,4.5
"197",3,"Hiline","H",12,"Y",3,2,5.5
"198",3,"Hiline","S",12,"Y",3,2,5.1
"199",3,"MTH","C",14,"Y",3,2,5.4
"200",3,"Vida","C",14,"Y",3,2,4.8
"201",3,"MTH","D",14,"Y",3,2,6
"202",3,"Vida","D",14,"Y",3,2,3.8
"203",3,"MTH","F",14,"Y",3,2,NA
"204",3,"MTH","H",14,"Y",3,2,9.2
"205",3,"Vida","H",14,"Y",3,2,4
"206",3,"MTH","S",14,"Y",3,2,6.5
"207",3,"Vida","S",14,"Y",3,2,7
"208",3,"Hiline","C",12,"N",4,2,7
"209",3,"Hiline","D",12,"N",4,2,6.7
"210",3,"Hiline","F",12,"N",4,2,6.4
"211",3,"Hiline","H",12,"N",4,2,5.3
"212",3,"Hiline","S",12,"N",4,2,5.5
"213",3,"MTH","C",14,"N",4,2,9
"214",3,"Vida","C",14,"N",4,2,6.3
"215",3,"MTH","D",14,"N",4,2,7.6
"216",3,"Vida","D",14,"N",4,2,7
"217",3,"MTH","F",14,"N",4,2,9.5
"218",3,"Vida","F",14,"N",4,2,6.1
"219",3,"MTH","H",14,"N",4,2,8.5
"220",3,"Vida","H",14,"N",4,2,7.1
"221",3,"MTH","S",14,"N",4,2,7
"222",3,"Vida","S",14,"N",4,2,6
"223",3,"Hiline","C",12,"Y",4,2,7
"224",3,"Hiline","D",12,"Y",4,2,8
"225",3,"Hiline","F",12,"Y",4,2,5.5
"226",3,"Hiline","H",12,"Y",4,2,3
"227",3,"MTH","C",14,"Y",4,2,9
"228",3,"Vida","C",14,"Y",4,2,4.6
"229",3,"MTH","D",14,"Y",4,2,NA
"230",3,"Vida","D",14,"Y",4,2,7.3
"231",3,"MTH","F",14,"Y",4,2,7.5
"232",3,"Vida","F",14,"Y",4,2,7.3
"233",3,"MTH","H",14,"Y",4,2,NA
"234",3,"Vida","H",14,"Y",4,2,4.5
"235",3,"MTH","S",14,"Y",4,2,8
"236",3,"Vida","S",14,"Y",4,2,7
"237",3,"Hiline","C",12,"N",5,2,6.5
"238",3,"Hiline","D",12,"N",5,2,5.8
"239",3,"Hiline","F",12,"N",5,2,NA
"240",3,"Hiline","H",12,"N",5,2,5.7
"241",3,"Hiline","S",12,"N",5,2,NA
"242",3,"Vida","C",14,"N",5,2,8.1
"243",3,"MTH","D",14,"N",5,2,8
"244",3,"MTH","F",14,"N",5,2,9.3
"245",3,"Vida","F",14,"N",5,2,NA
"246",3,"MTH","H",14,"N",5,2,8.5
"247",3,"Vida","H",14,"N",5,2,9
"248",3,"MTH","S",14,"N",5,2,8.6
"249",3,"Vida","S",14,"N",5,2,7.9
"250",3,"Hiline","C",12,"Y",5,2,3.5
"251",3,"Hiline","F",12,"Y",5,2,5.2
"252",3,"Hiline","S",12,"Y",5,2,6.5
"253",3,"MTH","C",14,"Y",5,2,NA
"254",3,"Vida","C",14,"Y",5,2,NA
"255",3,"MTH","D",14,"Y",5,2,10.8
"256",3,"Vida","D",14,"Y",5,2,7.8
"257",3,"MTH","F",14,"Y",5,2,8.3
"258",3,"Vida","F",14,"Y",5,2,8
"259",3,"MTH","H",14,"Y",5,2,NA
"260",3,"Vida","H",14,"Y",5,2,3.5
"261",3,"MTH","S",14,"Y",5,2,NA
"262",3,"Vida","S",14,"Y",5,2,5.5
"263",3,"Hiline","C",12,"N",1,3,4.2
"264",3,"Hiline","D",12,"N",1,3,7.2
"265",3,"Hiline","F",12,"N",1,3,7
"266",3,"Hiline","H",12,"N",1,3,5.2
"267",3,"MTH","C",14,"N",1,3,7.8
"268",3,"Vida","C",14,"N",1,3,5.9
"269",3,"MTH","D",14,"N",1,3,8.8
"270",3,"Vida","D",14,"N",1,3,6.5
"271",3,"MTH","H",14,"N",1,3,8.7
"272",3,"Vida","H",14,"N",1,3,6.9
"273",3,"MTH","S",14,"N",1,3,9.2
"274",3,"Vida","S",14,"N",1,3,6.2
"275",3,"Hiline","C",12,"Y",1,3,5.8
"276",3,"Hiline","D",12,"Y",1,3,8
"277",3,"Hiline","F",12,"Y",1,3,7.4
"278",3,"Hiline","H",12,"Y",1,3,5.5
"279",3,"Hiline","S",12,"Y",1,3,4
"280",3,"MTH","C",14,"Y",1,3,4.4
"281",3,"Vida","C",14,"Y",1,3,7.7
"282",3,"MTH","D",14,"Y",1,3,6
"283",3,"Vida","F",14,"Y",1,3,6
"284",3,"MTH","H",14,"Y",1,3,8.6
"285",3,"Vida","H",14,"Y",1,3,7
"286",3,"MTH","S",14,"Y",1,3,5
"287",3,"Vida","S",14,"Y",1,3,NA
"288",3,"Hiline","C",12,"N",2,3,5.8
"289",3,"Hiline","D",12,"N",2,3,5.6
"290",3,"Hiline","F",12,"N",2,3,5.6
"291",3,"Hiline","H",12,"N",2,3,6.8
"292",3,"Hiline","S",12,"N",2,3,NA
"293",3,"MTH","C",14,"N",2,3,6.5
"294",3,"MTH","D",14,"N",2,3,8.8
"295",3,"Vida","D",14,"N",2,3,7
"296",3,"MTH","F",14,"N",2,3,9
"297",3,"Vida","F",14,"N",2,3,7.9
"298",3,"MTH","H",14,"N",2,3,9.5
"299",3,"Vida","H",14,"N",2,3,6.4
"300",3,"Hiline","D",12,"Y",2,3,4
"301",3,"Hiline","F",12,"Y",2,3,NA
"302",3,"Hiline","H",12,"Y",2,3,4.8
"303",3,"Hiline","S",12,"Y",2,3,6.6
"304",3,"MTH","C",14,"Y",2,3,8.7
"305",3,"Vida","C",14,"Y",2,3,8.4
"306",3,"Vida","D",14,"Y",2,3,6.2
"307",3,"MTH","S",14,"Y",2,3,8.5
"308",3,"Hiline","C",12,"N",3,3,4.5
"309",3,"Hiline","D",12,"N",3,3,5.3
"310",3,"Hiline","H",12,"N",3,3,6.5
"311",3,"Hiline","S",12,"N",3,3,5.5
"312",3,"MTH","C",14,"N",3,3,7
"313",3,"Vida","C",14,"N",3,3,NA
"314",3,"Vida","D",14,"N",3,3,7.5
"315",3,"MTH","H",14,"N",3,3,9
"316",3,"Vida","H",14,"N",3,3,7.5
"317",3,"MTH","S",14,"N",3,3,8.8
"318",3,"Hiline","C",12,"Y",3,3,6.3
"319",3,"Hiline","D",12,"Y",3,3,6.5
"320",3,"Hiline","F",12,"Y",3,3,4
"321",3,"Hiline","H",12,"Y",3,3,4.5
"322",3,"Hiline","S",12,"Y",3,3,4.9
"323",3,"MTH","C",14,"Y",3,3,6
"324",3,"Vida","C",14,"Y",3,3,7.7
"325",3,"Vida","D",14,"Y",3,3,8
"326",3,"MTH","F",14,"Y",3,3,NA
"327",3,"MTH","H",14,"Y",3,3,8.5
"328",3,"Vida","H",14,"Y",3,3,NA
"329",3,"MTH","S",14,"Y",3,3,NA
"330",3,"Vida","S",14,"Y",3,3,6
"331",3,"Hiline","C",12,"N",4,3,6.5
"332",3,"Hiline","D",12,"N",4,3,4.5
"333",3,"Hiline","F",12,"N",4,3,6.5
"334",3,"Hiline","S",12,"N",4,3,6.2
"335",3,"MTH","C",14,"N",4,3,10
"336",3,"Vida","C",14,"N",4,3,7.3
"337",3,"MTH","D",14,"N",4,3,NA
"338",3,"Vida","D",14,"N",4,3,7
"339",3,"MTH","F",14,"N",4,3,8.8
"340",3,"Vida","F",14,"N",4,3,7.6
"341",3,"MTH","H",14,"N",4,3,8.6
"342",3,"Vida","H",14,"N",4,3,7
"343",3,"MTH","S",14,"N",4,3,8
"344",3,"Vida","S",14,"N",4,3,6
"345",3,"Hiline","C",12,"Y",4,3,7.2
"346",3,"Hiline","D",12,"Y",4,3,7.5
"347",3,"Hiline","F",12,"Y",4,3,7.2
"348",3,"Hiline","H",12,"Y",4,3,4.8
"349",3,"MTH","C",14,"Y",4,3,NA
"350",3,"Vida","C",14,"Y",4,3,6.9
"351",3,"MTH","D",14,"Y",4,3,6
"352",3,"Vida","D",14,"Y",4,3,NA
"353",3,"MTH","F",14,"Y",4,3,NA
"354",3,"Vida","F",14,"Y",4,3,7.5
"355",3,"MTH","S",14,"Y",4,3,8.3
"356",3,"Vida","S",14,"Y",4,3,7.8
"357",3,"Hiline","C",12,"N",5,3,5.2
"358",3,"Hiline","D",12,"N",5,3,7
"359",3,"Hiline","F",12,"N",5,3,NA
"360",3,"Hiline","H",12,"N",5,3,6
"361",3,"Hiline","S",12,"N",5,3,6.3
"362",3,"Vida","C",14,"N",5,3,NA
"363",3,"MTH","D",14,"N",5,3,8.5
"364",3,"MTH","F",14,"N",5,3,9.2
"365",3,"Vida","F",14,"N",5,3,7.7
"366",3,"MTH","H",14,"N",5,3,8.9
"367",3,"Vida","H",14,"N",5,3,8
"368",3,"MTH","S",14,"N",5,3,7.7
"369",3,"Vida","S",14,"N",5,3,7.2
"370",3,"Hiline","C",12,"Y",5,3,4.3
"371",3,"Hiline","F",12,"Y",5,3,7
"372",3,"Hiline","S",12,"Y",5,3,NA
"373",3,"MTH","C",14,"Y",5,3,5
"374",3,"Vida","C",14,"Y",5,3,4.1
"375",3,"MTH","D",14,"Y",5,3,8.5
"376",3,"Vida","D",14,"Y",5,3,4
"377",3,"MTH","F",14,"Y",5,3,5
"378",3,"Vida","F",14,"Y",5,3,5.5
"379",3,"MTH","H",14,"Y",5,3,5.5
"380",3,"Vida","H",14,"Y",5,3,3.4
"381",3,"MTH","S",14,"Y",5,3,NA
"382",3,"Vida","S",14,"Y",5,3,NA
"383",3,"Hiline","C",12,"N",1,4,7.5
"384",3,"Hiline","D",12,"N",1,4,5.1
"385",3,"Hiline","F",12,"N",1,4,6
"386",3,"Hiline","H",12,"N",1,4,6.2
"387",3,"MTH","C",14,"N",1,4,8.5
"388",3,"Vida","C",14,"N",1,4,6.8
"389",3,"MTH","D",14,"N",1,4,NA
"390",3,"Vida","D",14,"N",1,4,6.6
"391",3,"MTH","H",14,"N",1,4,9
"392",3,"Vida","H",14,"N",1,4,7
"393",3,"MTH","S",14,"N",1,4,10.3
"394",3,"Vida","S",14,"N",1,4,8
"395",3,"Hiline","C",12,"Y",1,4,4
"396",3,"Hiline","D",12,"Y",1,4,4.7
"397",3,"Hiline","F",12,"Y",1,4,6.3
"398",3,"Hiline","H",12,"Y",1,4,7.2
"399",3,"Hiline","S",12,"Y",1,4,3.6
"400",3,"MTH","C",14,"Y",1,4,3
"401",3,"Vida","C",14,"Y",1,4,NA
"402",3,"Vida","F",14,"Y",1,4,NA
"403",3,"MTH","H",14,"Y",1,4,9.2
"404",3,"Vida","H",14,"Y",1,4,5.1
"405",3,"MTH","S",14,"Y",1,4,NA
"406",3,"Vida","S",14,"Y",1,4,7
"407",3,"Hiline","C",12,"N",2,4,5.7
"408",3,"Hiline","D",12,"N",2,4,NA
"409",3,"Hiline","F",12,"N",2,4,NA
"410",3,"Hiline","H",12,"N",2,4,7.8
"411",3,"Hiline","S",12,"N",2,4,5.2
"412",3,"MTH","C",14,"N",2,4,7
"413",3,"MTH","D",14,"N",2,4,8.8
"414",3,"Vida","D",14,"N",2,4,5.5
"415",3,"MTH","F",14,"N",2,4,6.5
"416",3,"Vida","F",14,"N",2,4,NA
"417",3,"MTH","H",14,"N",2,4,10
"418",3,"Vida","H",14,"N",2,4,5.8
"419",3,"Hiline","F",12,"Y",2,4,3.3
"420",3,"Hiline","H",12,"Y",2,4,4.1
"421",3,"Hiline","S",12,"Y",2,4,4
"422",3,"MTH","C",14,"Y",2,4,NA
"423",3,"Vida","C",14,"Y",2,4,4.5
"424",3,"Vida","D",14,"Y",2,4,4.9
"425",3,"MTH","S",14,"Y",2,4,5.5
"426",3,"Hiline","C",12,"N",3,4,4.5
"427",3,"Hiline","D",12,"N",3,4,5.7
"428",3,"Hiline","H",12,"N",3,4,7.6
"429",3,"Hiline","S",12,"N",3,4,4.3
"430",3,"MTH","C",14,"N",3,4,8
"431",3,"Vida","C",14,"N",3,4,7.6
"432",3,"Vida","D",14,"N",3,4,6.8
"433",3,"MTH","H",14,"N",3,4,7.5
"434",3,"Vida","H",14,"N",3,4,7
"435",3,"MTH","S",14,"N",3,4,8.5
"436",3,"Hiline","C",12,"Y",3,4,NA
"437",3,"Hiline","D",12,"Y",3,4,5
"438",3,"Hiline","F",12,"Y",3,4,4
"439",3,"Hiline","H",12,"Y",3,4,4
"440",3,"Hiline","S",12,"Y",3,4,4.2
"441",3,"MTH","C",14,"Y",3,4,7
"442",3,"Vida","C",14,"Y",3,4,4.2
"443",3,"Vida","D",14,"Y",3,4,5.4
"444",3,"MTH","H",14,"Y",3,4,5.5
"445",3,"Vida","H",14,"Y",3,4,6.3
"446",3,"MTH","S",14,"Y",3,4,9.5
"447",3,"Vida","S",14,"Y",3,4,5.7
"448",3,"Hiline","C",12,"N",4,4,6
"449",3,"Hiline","D",12,"N",4,4,5.3
"450",3,"Hiline","F",12,"N",4,4,7
"451",3,"Hiline","S",12,"N",4,4,5.5
"452",3,"MTH","C",14,"N",4,4,9.5
"453",3,"Vida","C",14,"N",4,4,5.6
"454",3,"MTH","D",14,"N",4,4,7.5
"455",3,"Vida","D",14,"N",4,4,5.5
"456",3,"MTH","F",14,"N",4,4,9.5
"457",3,"Vida","F",14,"N",4,4,8
"458",3,"MTH","H",14,"N",4,4,NA
"459",3,"Vida","H",14,"N",4,4,7.3
"460",3,"MTH","S",14,"N",4,4,8.8
"461",3,"Vida","S",14,"N",4,4,6.2
"462",3,"Hiline","C",12,"Y",4,4,NA
"463",3,"Hiline","D",12,"Y",4,4,4.5
"464",3,"Hiline","F",12,"Y",4,4,7.5
"465",3,"Hiline","H",12,"Y",4,4,6.2
"466",3,"Vida","C",14,"Y",4,4,NA
"467",3,"MTH","D",14,"Y",4,4,7.5
"468",3,"Vida","D",14,"Y",4,4,4.2
"469",3,"MTH","F",14,"Y",4,4,NA
"470",3,"Vida","F",14,"Y",4,4,6
"471",3,"MTH","S",14,"Y",4,4,5.6
"472",3,"Vida","S",14,"Y",4,4,7
"473",3,"Hiline","C",12,"N",5,4,6
"474",3,"Hiline","D",12,"N",5,4,4.6
"475",3,"Hiline","F",12,"N",5,4,NA
"476",3,"Hiline","H",12,"N",5,4,6.5
"477",3,"Hiline","S",12,"N",5,4,5.6
"478",3,"Vida","C",14,"N",5,4,8.5
"479",3,"MTH","D",14,"N",5,4,8.5
"480",3,"MTH","F",14,"N",5,4,10
"481",3,"Vida","F",14,"N",5,4,8
"482",3,"MTH","H",14,"N",5,4,9.3
"483",3,"Vida","H",14,"N",5,4,NA
"484",3,"MTH","S",14,"N",5,4,5.7
"485",3,"Vida","S",14,"N",5,4,7
"486",3,"Hiline","C",12,"Y",5,4,7.3
"487",3,"Hiline","F",12,"Y",5,4,6
"488",3,"Hiline","S",12,"Y",5,4,6.5
"489",3,"MTH","C",14,"Y",5,4,8
"490",3,"Vida","D",14,"Y",5,4,7.6
"491",3,"MTH","F",14,"Y",5,4,5.5
"492",3,"Vida","F",14,"Y",5,4,7
"493",3,"MTH","H",14,"Y",5,4,8
"494",3,"Vida","H",14,"Y",5,4,2
"495",3,"MTH","S",14,"Y",5,4,6.5
"496",3,"Vida","S",14,"Y",5,4,7.6
"497",3,"Hiline","C",12,"N",1,5,5
"498",3,"Hiline","D",12,"N",1,5,5.3
"499",3,"Hiline","F",12,"N",1,5,6.5
"500",3,"Hiline","H",12,"N",1,5,5.5
"501",3,"Vida","C",14,"N",1,5,7
"502",3,"MTH","D",14,"N",1,5,NA
"503",3,"Vida","D",14,"N",1,5,7
"504",3,"MTH","H",14,"N",1,5,8
"505",3,"Vida","H",14,"N",1,5,8.5
"506",3,"MTH","S",14,"N",1,5,9.4
"507",3,"Vida","S",14,"N",1,5,7
"508",3,"Hiline","C",12,"Y",1,5,4.1
"509",3,"Hiline","F",12,"Y",1,5,7.5
"510",3,"Hiline","H",12,"Y",1,5,NA
"511",3,"Hiline","S",12,"Y",1,5,4
"512",3,"MTH","C",14,"Y",1,5,4.4
"513",3,"Vida","C",14,"Y",1,5,7
"514",3,"Vida","F",14,"Y",1,5,6.5
"515",3,"MTH","H",14,"Y",1,5,4.9
"516",3,"MTH","S",14,"Y",1,5,7.5
"517",3,"Vida","S",14,"Y",1,5,7
"518",3,"Hiline","D",12,"N",2,5,6.5
"519",3,"Hiline","F",12,"N",2,5,6
"520",3,"Hiline","H",12,"N",2,5,7.5
"521",3,"Hiline","S",12,"N",2,5,4.6
"522",3,"MTH","D",14,"N",2,5,8.4
"523",3,"Vida","D",14,"N",2,5,6.5
"524",3,"MTH","F",14,"N",2,5,8.3
"525",3,"Vida","F",14,"N",2,5,6.5
"526",3,"Vida","H",14,"N",2,5,6
"527",3,"Hiline","H",12,"Y",2,5,6
"528",3,"MTH","C",14,"Y",2,5,9.4
"529",3,"Vida","D",14,"Y",2,5,9.6
"530",3,"Hiline","C",12,"N",3,5,4.2
"531",3,"Hiline","D",12,"N",3,5,5.8
"532",3,"Hiline","H",12,"N",3,5,6.2
"533",3,"MTH","C",14,"N",3,5,6.3
"534",3,"Vida","C",14,"N",3,5,5.9
"535",3,"Vida","D",14,"N",3,5,6.5
"536",3,"MTH","H",14,"N",3,5,7.8
"537",3,"Vida","H",14,"N",3,5,8.6
"538",3,"MTH","S",14,"N",3,5,7.5
"539",3,"Hiline","C",12,"Y",3,5,6.4
"540",3,"Hiline","D",12,"Y",3,5,5.4
"541",3,"Hiline","F",12,"Y",3,5,2.2
"542",3,"Hiline","H",12,"Y",3,5,5.2
"543",3,"Hiline","S",12,"Y",3,5,NA
"544",3,"MTH","C",14,"Y",3,5,NA
"545",3,"Vida","C",14,"Y",3,5,6.7
"546",3,"Vida","D",14,"Y",3,5,8.2
"547",3,"MTH","H",14,"Y",3,5,7.2
"548",3,"Vida","H",14,"Y",3,5,NA
"549",3,"Hiline","C",12,"N",4,5,5.3
"550",3,"Hiline","D",12,"N",4,5,5.5
"551",3,"Hiline","F",12,"N",4,5,4.5
"552",3,"Hiline","S",12,"N",4,5,6.4
"553",3,"MTH","C",14,"N",4,5,9.5
"554",3,"Vida","C",14,"N",4,5,6.5
"555",3,"Vida","D",14,"N",4,5,9.5
"556",3,"MTH","F",14,"N",4,5,9.4
"557",3,"Vida","F",14,"N",4,5,7.7
"558",3,"Vida","H",14,"N",4,5,6
"559",3,"MTH","S",14,"N",4,5,8.2
"560",3,"Vida","S",14,"N",4,5,8
"561",3,"Hiline","C",12,"Y",4,5,4.5
"562",3,"Hiline","D",12,"Y",4,5,5.4
"563",3,"Hiline","F",12,"Y",4,5,4.5
"564",3,"Hiline","H",12,"Y",4,5,6
"565",3,"Vida","C",14,"Y",4,5,6.7
"566",3,"MTH","D",14,"Y",4,5,7.7
"567",3,"Vida","D",14,"Y",4,5,6.5
"568",3,"MTH","F",14,"Y",4,5,NA
"569",3,"Vida","F",14,"Y",4,5,6.5
"570",3,"MTH","S",14,"Y",4,5,NA
"571",3,"Vida","S",14,"Y",4,5,7.5
"572",3,"Hiline","C",12,"N",5,5,5
"573",3,"Hiline","D",12,"N",5,5,5.3
"574",3,"Hiline","F",12,"N",5,5,7.4
"575",3,"Hiline","S",12,"N",5,5,6.2
"576",3,"Vida","C",14,"N",5,5,6.5
"577",3,"MTH","D",14,"N",5,5,9
"578",3,"MTH","F",14,"N",5,5,10
"579",3,"Vida","F",14,"N",5,5,6.7
"580",3,"MTH","H",14,"N",5,5,8.5
"581",3,"Vida","H",14,"N",5,5,6
"582",3,"MTH","S",14,"N",5,5,NA
"583",3,"Vida","S",14,"N",5,5,8.4
"584",3,"Hiline","C",12,"Y",5,5,7.8
"585",3,"Hiline","F",12,"Y",5,5,5.3
"586",3,"Hiline","S",12,"Y",5,5,3.9
"587",3,"MTH","C",14,"Y",5,5,7.5
"588",3,"Vida","D",14,"Y",5,5,5.2
"589",3,"Vida","F",14,"Y",5,5,3.5
"590",3,"MTH","H",14,"Y",5,5,4.5
"591",3,"Vida","H",14,"Y",5,5,2.8
"592",3,"MTH","S",14,"Y",5,5,NA
"593",3,"Vida","S",14,"Y",5,5,7
"594",3,"Hiline","C",12,"N",1,6,4.6
"595",3,"Hiline","D",12,"N",1,6,4.5
"596",3,"Hiline","F",12,"N",1,6,6
"597",3,"Vida","C",14,"N",1,6,NA
"598",3,"MTH","D",14,"N",1,6,9
"599",3,"Vida","D",14,"N",1,6,7.8
"600",3,"MTH","H",14,"N",1,6,8.5
"601",3,"Vida","H",14,"N",1,6,NA
"602",3,"MTH","S",14,"N",1,6,9.3
"603",3,"Vida","S",14,"N",1,6,7
"604",3,"Hiline","C",12,"Y",1,6,NA
"605",3,"Hiline","F",12,"Y",1,6,4.3
"606",3,"Hiline","H",12,"Y",1,6,NA
"607",3,"Hiline","S",12,"Y",1,6,3.5
"608",3,"MTH","C",14,"Y",1,6,2.7
"609",3,"Vida","C",14,"Y",1,6,3.8
"610",3,"Vida","F",14,"Y",1,6,5.5
"611",3,"MTH","H",14,"Y",1,6,NA
"612",3,"MTH","S",14,"Y",1,6,NA
"613",3,"Vida","S",14,"Y",1,6,7.8
"614",3,"Hiline","D",12,"N",2,6,4.9
"615",3,"Hiline","F",12,"N",2,6,6.5
"616",3,"Hiline","H",12,"N",2,6,6.2
"617",3,"Vida","D",14,"N",2,6,8
"618",3,"MTH","F",14,"N",2,6,8.5
"619",3,"Vida","F",14,"N",2,6,NA
"620",3,"Vida","H",14,"N",2,6,5.5
"621",3,"Hiline","H",12,"Y",2,6,3.6
"622",3,"Hiline","D",12,"N",3,6,4
"623",3,"Hiline","H",12,"N",3,6,7.5
"624",3,"Vida","C",14,"N",3,6,7.1
"625",3,"Vida","D",14,"N",3,6,7.6
"626",3,"MTH","H",14,"N",3,6,7.5
"627",3,"Vida","H",14,"N",3,6,7
"628",3,"Hiline","C",12,"Y",3,6,4.5
"629",3,"Hiline","D",12,"Y",3,6,7
"630",3,"Hiline","F",12,"Y",3,6,3.5
"631",3,"Hiline","H",12,"Y",3,6,3
"632",3,"Vida","C",14,"Y",3,6,5.1
"633",3,"Vida","D",14,"Y",3,6,7
"634",3,"MTH","H",14,"Y",3,6,7.5
"635",3,"Hiline","C",12,"N",4,6,6.3
"636",3,"Hiline","D",12,"N",4,6,6.3
"637",3,"Hiline","F",12,"N",4,6,4.6
"638",3,"MTH","C",14,"N",4,6,10.5
"639",3,"Vida","C",14,"N",4,6,6.3
"640",3,"Vida","D",14,"N",4,6,7.6
"641",3,"MTH","F",14,"N",4,6,9.4
"642",3,"Vida","F",14,"N",4,6,6
"643",3,"Vida","H",14,"N",4,6,6.5
"644",3,"Hiline","C",12,"Y",4,6,6.2
"645",3,"Hiline","D",12,"Y",4,6,7.7
"646",3,"Hiline","F",12,"Y",4,6,4.5
"647",3,"Hiline","H",12,"Y",4,6,4.5
"648",3,"Vida","C",14,"Y",4,6,8
"649",3,"Vida","D",14,"Y",4,6,7.6
"650",3,"MTH","F",14,"Y",4,6,NA
"651",3,"Vida","F",14,"Y",4,6,NA
"652",3,"Vida","S",14,"Y",4,6,9.3
"653",3,"Hiline","C",12,"N",5,6,4.8
"654",3,"Hiline","D",12,"N",5,6,5
"655",3,"Hiline","F",12,"N",5,6,NA
"656",3,"Hiline","S",12,"N",5,6,NA
"657",3,"Vida","C",14,"N",5,6,6.5
"658",3,"MTH","D",14,"N",5,6,8
"659",3,"MTH","F",14,"N",5,6,NA
"660",3,"Vida","F",14,"N",5,6,NA
"661",3,"MTH","H",14,"N",5,6,10
"662",3,"Vida","H",14,"N",5,6,6.5
"663",3,"Vida","S",14,"N",5,6,6.8
"664",3,"Hiline","C",12,"Y",5,6,6.5
"665",3,"Hiline","S",12,"Y",5,6,4.5
"666",3,"MTH","C",14,"Y",5,6,NA
"667",3,"Vida","D",14,"Y",5,6,5.6
"668",3,"Vida","F",14,"Y",5,6,3.6
"669",3,"MTH","H",14,"Y",5,6,7.8
"670",3,"MTH","S",14,"Y",5,6,NA
"671",3,"Vida","S",14,"Y",5,6,7
"672",3,"Hiline","C",12,"N",1,7,4.5
"673",3,"Hiline","D",12,"N",1,7,5.5
"674",3,"Hiline","F",12,"N",1,7,5.5
"675",3,"Vida","C",14,"N",1,7,NA
"676",3,"Vida","D",14,"N",1,7,6.7
"677",3,"Vida","H",14,"N",1,7,7.5
"678",3,"MTH","S",14,"N",1,7,8.5
"679",3,"Vida","S",14,"N",1,7,7
"680",3,"Hiline","C",12,"Y",1,7,3.8
"681",3,"Hiline","F",12,"Y",1,7,3.8
"682",3,"Hiline","H",12,"Y",1,7,3.5
"683",3,"Hiline","S",12,"Y",1,7,5.2
"684",3,"MTH","C",14,"Y",1,7,3.7
"685",3,"Vida","F",14,"Y",1,7,NA
"686",3,"MTH","H",14,"Y",1,7,NA
"687",3,"MTH","S",14,"Y",1,7,NA
"688",3,"Vida","S",14,"Y",1,7,8.6
"689",3,"Hiline","D",12,"N",2,7,4.5
"690",3,"Hiline","H",12,"N",2,7,5.4
"691",3,"Vida","D",14,"N",2,7,6.8
"692",3,"MTH","F",14,"N",2,7,8.3
"693",3,"Vida","F",14,"N",2,7,8.5
"694",3,"Vida","H",14,"N",2,7,7.6
"695",3,"Hiline","H",12,"Y",2,7,2.8
"696",3,"Hiline","D",12,"N",3,7,4.7
"697",3,"Hiline","H",12,"N",3,7,6.5
"698",3,"Vida","C",14,"N",3,7,7.1
"699",3,"Vida","D",14,"N",3,7,7
"700",3,"Hiline","C",12,"Y",3,7,3.8
"701",3,"Hiline","D",12,"Y",3,7,6
"702",3,"Hiline","H",12,"Y",3,7,4
"703",3,"Vida","C",14,"Y",3,7,7.5
"704",3,"Vida","D",14,"Y",3,7,4
"705",3,"MTH","H",14,"Y",3,7,5
"706",3,"MTH","C",14,"N",4,7,9.8
"707",3,"Vida","C",14,"N",4,7,7.3
"708",3,"Vida","D",14,"N",4,7,6.5
"709",3,"Vida","F",14,"N",4,7,NA
"710",3,"Vida","H",14,"N",4,7,6.6
"711",3,"Hiline","D",12,"Y",4,7,NA
"712",3,"Hiline","F",12,"Y",4,7,2.7
"713",3,"Hiline","H",12,"Y",4,7,4.5
"714",3,"Vida","C",14,"Y",4,7,7.3
"715",3,"Vida","D",14,"Y",4,7,NA
"716",3,"Vida","F",14,"Y",4,7,NA
"717",3,"Vida","S",14,"Y",4,7,7.4
"718",3,"Hiline","C",12,"N",5,7,5
"719",3,"Hiline","D",12,"N",5,7,4.5
"720",3,"Hiline","F",12,"N",5,7,NA
"721",3,"Hiline","S",12,"N",5,7,5.3
"722",3,"Vida","C",14,"N",5,7,7.5
"723",3,"MTH","D",14,"N",5,7,8
"724",3,"MTH","F",14,"N",5,7,8.1
"725",3,"Vida","F",14,"N",5,7,NA
"726",3,"MTH","H",14,"N",5,7,8.6
"727",3,"Vida","H",14,"N",5,7,6.5
"728",3,"Vida","S",14,"N",5,7,7.4
"729",3,"Hiline","C",12,"Y",5,7,7.5
"730",3,"Hiline","S",12,"Y",5,7,4.6
"731",3,"Vida","D",14,"Y",5,7,3.2
"732",3,"Vida","F",14,"Y",5,7,5.8
"733",3,"MTH","H",14,"Y",5,7,5
"734",3,"MTH","S",14,"Y",5,7,NA
"735",3,"Hiline","D",12,"N",1,8,4
"736",3,"Hiline","F",12,"N",1,8,6.8
"737",3,"Vida","C",14,"N",1,8,7.5
"738",3,"Vida","D",14,"N",1,8,7.5
"739",3,"Vida","H",14,"N",1,8,NA
"740",3,"MTH","S",14,"N",1,8,9.5
"741",3,"Vida","S",14,"N",1,8,6.5
"742",3,"Hiline","C",12,"Y",1,8,4.2
"743",3,"Hiline","F",12,"Y",1,8,3.5
"744",3,"Hiline","H",12,"Y",1,8,3.5
"745",3,"Hiline","S",12,"Y",1,8,NA
"746",3,"Vida","F",14,"Y",1,8,4.5
"747",3,"MTH","H",14,"Y",1,8,3.5
"748",3,"Vida","S",14,"Y",1,8,7.4
"749",3,"Hiline","D",12,"N",2,8,5
"750",3,"Hiline","H",12,"N",2,8,6.3
"751",3,"Vida","D",14,"N",2,8,7.5
"752",3,"Vida","F",14,"N",2,8,NA
"753",3,"Vida","H",14,"N",2,8,5.5
"754",3,"Hiline","H",12,"Y",2,8,NA
"755",3,"Hiline","D",12,"N",3,8,5
"756",3,"Hiline","H",12,"N",3,8,NA
"757",3,"Vida","C",14,"N",3,8,8
"758",3,"Vida","D",14,"N",3,8,5.6
"759",3,"Hiline","C",12,"Y",3,8,3.2
"760",3,"Hiline","D",12,"Y",3,8,NA
"761",3,"Hiline","H",12,"Y",3,8,5.5
"762",3,"Vida","C",14,"Y",3,8,5.3
"763",3,"Vida","D",14,"Y",3,8,4
"764",3,"MTH","H",14,"Y",3,8,5.1
"765",3,"MTH","C",14,"N",4,8,10
"766",3,"Vida","C",14,"N",4,8,6.2
"767",3,"Vida","D",14,"N",4,8,6.6
"768",3,"Vida","F",14,"N",4,8,7
"769",3,"Vida","H",14,"N",4,8,7.2
"770",3,"Hiline","D",12,"Y",4,8,3.4
"771",3,"Hiline","H",12,"Y",4,8,3.5
"772",3,"Vida","C",14,"Y",4,8,NA
"773",3,"Vida","D",14,"Y",4,8,6.8
"774",3,"Vida","F",14,"Y",4,8,NA
"775",3,"Hiline","F",12,"N",5,8,6.2
"776",3,"Hiline","S",12,"N",5,8,5.9
"777",3,"Vida","C",14,"N",5,8,8.5
"778",3,"MTH","D",14,"N",5,8,7.8
"779",3,"MTH","F",14,"N",5,8,8.6
"780",3,"Vida","F",14,"N",5,8,6.7
"781",3,"Vida","H",14,"N",5,8,6.5
"782",3,"Vida","S",14,"N",5,8,8.3
"783",3,"Hiline","C",12,"Y",5,8,4.3
"784",3,"Hiline","S",12,"Y",5,8,4
"785",3,"Vida","F",14,"Y",5,8,NA
"786",3,"MTH","H",14,"Y",5,8,4.7
"787",3,"MTH","S",14,"Y",5,8,8
"788",3,"Hiline","F",12,"N",1,9,5.8
"789",3,"Vida","C",14,"N",1,9,NA
"790",3,"Vida","D",14,"N",1,9,6
"791",3,"Vida","H",14,"N",1,9,NA
"792",3,"MTH","S",14,"N",1,9,9.5
"793",3,"Vida","S",14,"N",1,9,6
"794",3,"Hiline","C",12,"Y",1,9,5.5
"795",3,"Hiline","F",12,"Y",1,9,3.7
"796",3,"Hiline","H",12,"Y",1,9,2.5
"797",3,"Hiline","S",12,"Y",1,9,4.2
"798",3,"Vida","F",14,"Y",1,9,3
"799",3,"Vida","S",14,"Y",1,9,NA
"800",3,"Vida","D",14,"N",2,9,7
"801",3,"Vida","F",14,"N",2,9,8.5
"802",3,"Vida","H",14,"N",2,9,NA
"803",3,"Hiline","H",12,"Y",2,9,4
"804",3,"Vida","C",14,"N",3,9,7.1
"805",3,"Vida","D",14,"N",3,9,6.3
"806",3,"Hiline","D",12,"Y",3,9,4
"807",3,"Hiline","H",12,"Y",3,9,4
"808",3,"Vida","C",14,"Y",3,9,6.2
"809",3,"Vida","D",14,"Y",3,9,3.2
"810",3,"MTH","C",14,"N",4,9,10
"811",3,"Vida","D",14,"N",4,9,6
"812",3,"Vida","F",14,"N",4,9,7.6
"813",3,"Vida","H",14,"N",4,9,NA
"814",3,"Hiline","D",12,"Y",4,9,7.3
"815",3,"Hiline","H",12,"Y",4,9,4.3
"816",3,"Vida","C",14,"Y",4,9,7.5
"817",3,"Vida","D",14,"Y",4,9,3.6
"818",3,"Hiline","F",12,"N",5,9,5.8
"819",3,"Hiline","S",12,"N",5,9,NA
"820",3,"Vida","C",14,"N",5,9,6.4
"821",3,"MTH","D",14,"N",5,9,7.7
"822",3,"MTH","F",14,"N",5,9,5.4
"823",3,"Vida","H",14,"N",5,9,6
"824",3,"Vida","S",14,"N",5,9,8.9
"825",3,"Hiline","C",12,"Y",5,9,4
"826",3,"Hiline","S",12,"Y",5,9,4.2
"827",3,"Vida","F",14,"Y",5,9,5
"828",3,"MTH","H",14,"Y",5,9,NA
"829",3,"Vida","C",14,"N",1,10,5.8
"830",3,"Vida","D",14,"N",1,10,6
"831",3,"Vida","S",14,"N",1,10,8.5
"832",3,"Hiline","C",12,"Y",1,10,NA
"833",3,"Hiline","F",12,"Y",1,10,3.3
"834",3,"Hiline","S",12,"Y",1,10,3.2
"835",3,"Vida","F",14,"Y",1,10,7
"836",3,"Vida","S",14,"Y",1,10,4.6
"837",3,"Vida","D",14,"N",2,10,7
"838",3,"Vida","F",14,"N",2,10,6.2
"839",3,"Hiline","H",12,"Y",2,10,3.5
"840",3,"Vida","C",14,"N",3,10,5.9
"841",3,"Vida","D",14,"N",3,10,7.3
"842",3,"Hiline","D",12,"Y",3,10,6
"843",3,"Hiline","H",12,"Y",3,10,4
"844",3,"Vida","C",14,"Y",3,10,3.6
"845",3,"Vida","D",14,"N",4,10,7.2
"846",3,"Vida","F",14,"N",4,10,7
"847",3,"Vida","H",14,"N",4,10,5.6
"848",3,"Hiline","D",12,"Y",4,10,NA
"849",3,"Hiline","H",12,"Y",4,10,NA
"850",3,"Vida","C",14,"Y",4,10,5.9
"851",3,"Hiline","F",12,"N",5,10,6.5
"852",3,"Hiline","S",12,"N",5,10,5.6
"853",3,"Vida","C",14,"N",5,10,7.7
"854",3,"MTH","D",14,"N",5,10,8
"855",3,"Vida","H",14,"N",5,10,7.5
"856",3,"Vida","S",14,"N",5,10,NA
"857",3,"Hiline","C",12,"Y",5,10,3.5
"858",3,"Hiline","S",12,"Y",5,10,4
"859",3,"Vida","F",14,"Y",5,10,4.5
"860",3,"MTH","H",14,"Y",5,10,NA
"861",3,"Vida","C",14,"N",1,11,7
"862",3,"Vida","S",14,"N",1,11,7.5
"863",3,"Hiline","C",12,"Y",1,11,3.4
"864",3,"Hiline","F",12,"Y",1,11,3.2
"865",3,"Vida","F",14,"Y",1,11,4.2
"866",3,"Vida","S",14,"Y",1,11,7.5
"867",3,"Vida","D",14,"N",2,11,6.5
"868",3,"Vida","F",14,"N",2,11,7
"869",3,"Hiline","H",12,"Y",2,11,3.5
"870",3,"Vida","C",14,"N",3,11,6.6
"871",3,"Vida","D",14,"N",3,11,5.6
"872",3,"Hiline","D",12,"Y",3,11,4
"873",3,"Hiline","H",12,"Y",3,11,4
"874",3,"Vida","D",14,"N",4,11,5.5
"875",3,"Vida","F",14,"N",4,11,8.5
"876",3,"Hiline","D",12,"Y",4,11,4.5
"877",3,"Hiline","H",12,"Y",4,11,3.2
"878",3,"Hiline","F",12,"N",5,11,5
"879",3,"Hiline","S",12,"N",5,11,NA
"880",3,"MTH","D",14,"N",5,11,8
"881",3,"Vida","S",14,"N",5,11,NA
"882",3,"Hiline","C",12,"Y",5,11,6.4
"883",3,"Hiline","S",12,"Y",5,11,4
"884",3,"Vida","F",14,"Y",5,11,3.6
"885",3,"MTH","H",14,"Y",5,11,4.5
"886",3,"Vida","C",14,"N",1,12,6.8
"887",3,"Vida","S",14,"N",1,12,7.5
"888",3,"Hiline","C",12,"Y",1,12,4.5
"889",3,"Hiline","F",12,"Y",1,12,3.5
"890",3,"Vida","F",14,"Y",1,12,3.8
"891",3,"Vida","S",14,"Y",1,12,7.8
"892",3,"Vida","D",14,"N",2,12,NA
"893",3,"Vida","F",14,"N",2,12,7
"894",3,"Hiline","H",12,"Y",2,12,3.5
"895",3,"Vida","C",14,"N",3,12,6.8
"896",3,"Hiline","H",12,"Y",3,12,3
"897",3,"Vida","D",14,"N",4,12,7.5
"898",3,"Vida","F",14,"N",4,12,8.7
"899",3,"Hiline","D",12,"Y",4,12,3.2
"900",3,"Hiline","H",12,"Y",4,12,4
"901",3,"Vida","S",14,"N",5,12,7.5
"902",3,"Hiline","C",12,"Y",5,12,3.5
"903",3,"Hiline","S",12,"Y",5,12,NA
"904",3,"Vida","F",14,"Y",5,12,3.5
"905",3,"Vida","C",14,"N",1,13,6.8
"906",3,"Vida","S",14,"N",1,13,8
"907",3,"Hiline","C",12,"Y",1,13,3.5
"908",3,"Vida","F",14,"Y",1,13,4.1
"909",3,"Vida","S",14,"Y",1,13,7.6
"910",3,"Vida","F",14,"N",2,13,7.5
"911",3,"Hiline","H",12,"Y",2,13,2.8
"912",3,"Vida","C",14,"N",3,13,7.2
"913",3,"Hiline","H",12,"Y",3,13,3
"914",3,"Vida","D",14,"N",4,13,7
"915",3,"Vida","F",14,"N",4,13,7.2
"916",3,"Hiline","D",12,"Y",4,13,5
"917",3,"Hiline","H",12,"Y",4,13,2.6
"918",3,"Vida","S",14,"N",5,13,7.5
"919",3,"Hiline","C",12,"Y",5,13,3.5
"920",3,"Hiline","S",12,"Y",5,13,3.5
"921",3,"Vida","F",14,"Y",5,13,3
"922",3,"Vida","C",14,"N",1,14,5.6
"923",3,"Vida","S",14,"N",1,14,7
"924",3,"Hiline","C",12,"Y",1,14,4
"925",3,"Vida","F",14,"Y",1,14,4.5
"926",3,"Vida","S",14,"Y",1,14,5.4
"927",3,"Vida","F",14,"N",2,14,7
"928",3,"Hiline","H",12,"Y",2,14,3.4
"929",3,"Vida","C",14,"N",3,14,6.9
"930",3,"Vida","D",14,"N",4,14,NA
"931",3,"Vida","S",14,"N",5,14,7
"932",3,"Hiline","C",12,"Y",5,14,4
"933",3,"Hiline","S",12,"Y",5,14,4.2
"934",3,"Vida","S",14,"N",1,15,6.5
"935",3,"Hiline","C",12,"Y",1,15,3.4
"936",3,"Vida","S",14,"Y",1,15,7.6
"937",3,"Vida","C",14,"N",3,15,6.8
"938",3,"Vida","S",14,"N",5,15,7
"939",3,"Hiline","C",12,"Y",5,15,3.5
"940",3,"Hiline","S",12,"Y",5,15,NA
"941",3,"Vida","S",14,"N",1,16,5.7
"942",3,"Hiline","C",12,"Y",1,16,NA
"943",3,"Vida","S",14,"Y",1,16,9.1
"944",3,"Vida","C",14,"N",3,16,NA
"945",3,"Vida","S",14,"N",5,16,NA
"946",3,"Hiline","C",12,"Y",5,16,4.2
"947",3,"Vida","S",14,"N",1,17,6
"948",3,"Vida","S",14,"N",5,17,8.5
"949",3,"Hiline","C",12,"Y",5,17,3.2
"950",3,"Vida","S",14,"N",5,18,8
"951",3,"Hiline","C",12,"Y",5,18,2.5
"952",3,"Vida","S",14,"N",5,19,7.5
"953",3,"Hiline","C",12,"Y",5,19,4
"954",3,"Vida","S",14,"N",5,20,7
"955",3,"Hiline","C",12,"Y",5,20,3
"956",3,"Vida","S",14,"N",5,21,8.5
"957",3,"Vida","S",14,"N",5,22,7.5
"958",3,"Vida","S",14,"N",5,23,8
